"p0.1","p0.25","p0.5","p0.75","p0.9","oosr_0.1","oosr_0.25","oosr_0.5","oosr_0.75","oosr_0.9","time_0.1","time_0.25","time_0.5","time_0.75","time_0.9"
0.7158,0.7158,0.6713,0.6692,0.6692,72.771519747676,72.771519747676,92.2480862639097,93.5611363773275,93.5611363773275,0.00725293159484863,0.00606608390808105,0.00607705116271973,0.00673604011535645,0.00612115859985352
0.893,0.8943,0.8972,0.8926,0.8925,12.7653105021204,12.5022820142969,11.4953213552005,12.816731391897,12.829423543792,0.00576901435852051,0.00573992729187012,0.00574898719787598,0.00574994087219238,0.00585484504699707
0.6952,0.6952,0.6952,0.6964,0.7147,84.9482063418051,84.9482063418051,84.9482063418051,84.4077790462822,75.1191508701171,0.00579404830932617,0.00604391098022461,0.00578498840332031,0.00587296485900879,0.0058131217956543
0.6295,0.6393,0.6399,0.6295,0.6295,105.525297120167,100.956180284618,100.684030038543,105.525297120167,105.525297120167,0.00587606430053711,0.00598311424255371,0.0059058666229248,0.00596809387207031,0.0058128833770752
0.8419,0.8429,0.8677,0.8429,0.8422,27.814122819324,27.4880130202223,19.9681020107988,27.4880130202223,27.6735137746054,0.00597882270812988,0.0060880184173584,0.00581693649291992,0.0058448314666748,0.00635194778442383
