"p0.1","p0.25","p0.5","p0.75","p0.9","oosr_0.1","oosr_0.25","oosr_0.5","oosr_0.75","oosr_0.9","time_0.1","time_0.25","time_0.5","time_0.75","time_0.9"
0.6806,0.6712,0.7029,0.6546,0.5928,102.441636005295,99.7536415136759,75.2220397789626,105.802578672483,151.541745306278,0.767590045928955,0.697192192077637,0.812219142913818,0.677422046661377,0.75111198425293
0.8745,0.8882,0.893,0.891,0.8847,17.8006903340907,13.9147976853786,12.6435195745929,12.9027123090943,14.1791584023618,0.776638984680176,0.732808113098145,0.802446126937866,0.757510900497437,0.763356924057007
0.7164,0.689,0.6865,0.6584,0.6595,78.1530961733635,89.2159915068332,90.5603984659181,107.407630071335,106.746374442419,0.775409936904907,0.789596080780029,0.719713926315308,0.785393953323364,0.774629831314087
0.4241,0.6243,0.6685,0.6262,0.6333,264.748500198592,108.732319666952,84.7422137995406,109.659304390041,104.28438936932,0.709643125534058,0.715775012969971,0.786206960678101,0.716758012771606,0.66828989982605
0.8371,0.8382,0.8272,0.8297,0.8311,28.5825689369022,28.1306956566247,31.1424852958582,30.8765316449096,31.4674823583856,0.811287879943848,0.769073009490967,0.797451972961426,0.74717116355896,0.669028997421265
