"p0.1","p0.25","p0.5","p0.75","p0.9","oosr_0.1","oosr_0.25","oosr_0.5","oosr_0.75","oosr_0.9","time_0.1","time_0.25","time_0.5","time_0.75","time_0.9"
0.6528,0.7281,0.6597,0.6948,0.4344,120.278376444264,65.0071303540478,108.790349058141,95.5471187673797,269.682349470532,0.298833847045898,0.299817085266113,0.296708106994629,0.307485103607178,0.297961950302124
0.8172,0.8776,0.8672,0.8965,0.8194,52.9454884958253,16.3266354361234,23.8066570342502,11.8994963076439,46.1510559612482,0.328869104385376,0.277590990066528,0.287283182144165,0.304814100265503,0.266627788543701
0.7381,0.7192,0.7239,0.6587,0.7654,104.398732992586,73.1216523253794,71.2732514004659,117.170737822951,57.1956931527966,0.264924049377441,0.3039231300354,0.315199136734009,0.340199947357178,0.285726070404053
0.4241,0.6395,0.5148,0.7186,0.4606,264.748500198592,114.770492529008,179.570855987455,66.899212439275,246.065969095324,0.248920202255249,0.282741069793701,0.295017957687378,0.237864017486572,0.310675144195557
0.8662,0.7994,0.806,0.7634,0.8358,21.5044038416671,42.2993737688628,39.2403220929566,65.6525768872244,30.6623560550479,0.28045392036438,0.296173095703125,0.313183784484863,0.251616954803467,0.290715932846069
